{"cameraMode":{"drawMode":0,"name":"Shaded","section":"Shading Mode"},"sceneLighting":true,"audioPlay":false,"sceneViewState":{"showFog":true,"showMaterialUpdate":false,"showSkybox":true,"showFlares":true,"showImageEffects":true,"showParticleSystems":true},"in2DMode":false,"pivot":{"x":4.247509479522705,"y":0.13239812850952149,"z":-5.9117045402526859},"rotation":{"x":0.170686736702919,"y":0.8216995000839233,"z":-0.31807470321655276,"w":0.44106048345565798},"size":26.98043441772461,"orthographic":false}